"","Sym","Syn"
"1","Acaca","A530025K05Rik|Ac|Acac|Acc|Acc1|Gm738"
"2","Haao",NA
"3","Pla2g6",NA
"4","Brca1",NA
"5","Rnaset2b",NA
"6","Nsun2","D13Wsu123e|Mi|Misu"
"7","Slc24a5",NA
"8","Cbs",NA
"9","Aurka",NA
"10","Abcb7","AA517758|AU019072|Abc|Abc7"
"11","Acad9","2600017P15Rik|4732402K02|C630012L17Rik|NPD0|NPD002"
"12","Aldh18a1","2810433K04Rik|AI429789|Py|Pycs"
"13","Aldh1b1","2700007F14Rik"
"14","Aldh5a1","6330403E24Rik|Ahd-1|Ahd1|D630032B01Rik|SS|SSADH|Ssdh1"
"15","Auh","C77140|W91705"
"16","Bckdha","-"
"17","Bckdhb","BCKDE1B|BCKDH E1-beta"
"18","Bckdk","AI327402|BCKD-ki"
"19","Chchd4","2410012P20Rik|2810014D17Rik|AI838740"
"20","Clpb","AL118244|Skd|Skd3"
"21","Clpp","AU019820|D17Wsu160|D17Wsu160e"
"22","Coq3","4732433J24|C77934"
"23","Cox15","2900026G05Rik"
"24","Cox6c","-"
"25","Cpox","C|CPX|Cpo|HCP|ca|cac|nc|nct"
"26","Cpt2","AI323697|CP|CPTII"
"27","Dars2","5830468K18Rik|aspRS"
"28","Decr1","1200012F07Rik|Dec|Decr|Na|Nadph"
"29","Dhtkd1","C330018I04Rik"
"30","Dlat","6332404G05Rik|DLTA|PDC-E|PDC-E2"
"31","Ethe1","0610025L15Rik|Hsco"
"32","Fam210a","4933403F05Rik|AA987140|AV134576|AW491926"
"33","Fdx1","ADRE"
"34","Fech","AI894116|Fc|Fcl|fch"
"35","Fxn","FA|FARR|Fr|Frda|X25"
"36","Gcdh","9030411L18|AI266902|D17825|GCD"
"37","Gfm1","AW545374|D3Wsu133|D3Wsu133e|Gfm"
"38","Gfm2","6530419G12Rik|A930009M04Rik|EF-G2mt|EFG2|MST02|MST027|RRF2mt"
"39","Glrx5","-"
"40","Grpel1","AA408748|mt-GrpE|mt-GrpE#1|mt-Grpel1"
"41","Guf1","4631409J12|AA407526|EF-4"
"42","Iars2","2010002H18Rik|C79125"
"43","L2hgdh","BC016226"
"44","Lactb","LACT-1|Lact1|Mrp|Mrpl56"
"45","Letm1","-"
"46","Lonp1","1200017E13Rik|LON|Pr|Prss15"
"47","Mcat","AI225907|BC025519"
"48","Mccc2","4930552N12Rik|MCCB"
"49","Me2","AW120568|D030040L20Rik|NAD-ME"
"50","Mecr","AI195831|NRBF-1|Nrb|Nrbf1"
"51","Micu1","C730016L05Rik|Calc|Cba|Cbara1"
"52","Mipep","5730405E07Rik|MIP"
"53","Mrpl10","0610040E02Rik|C78440|L10mt|MRP|MRP-L8|Rp|Rpml8"
"54","Mrpl12","0610034O11Rik|1500031N16Rik|L12mt|MRP-|MRP-L12|Rpm|Rpml12"
"55","Mrpl13","1110002D09Rik"
"56","Mrpl22","E030011D16Rik|HSPC1|HSPC158|L22mt|MRP-|MRP-L22|MRP-L25|Rpm|Rpml25"
"57","Mrpl23","L23|L23mrp|Rp|Rpl23|Rpl23l"
"58","Mrpl27","A630055F16Rik|D11Moh4|D11Moh47|D18Ertd643|D18Ertd643e"
"59","Mrpl9","8030480E20Rik|AA409733|C330013D18Rik|L9mt"
"60","Mrps11","0710005I03Rik|C79873|MRP-S11|S11mt"
"61","Mrps14","1810032L21Rik|AL022847|Rpm|Rpms14"
"62","Mrps15","1500003E24Rik|2410002B11Rik|Mprs15"
"63","Mrps16","1500011E11Rik|Mprs16|S16mt"
"64","Mrps2","1500019M10Rik"
"65","Mrps25","2810429N01Rik|Rpm|Rpms25"
"66","Mrps26","AI648866|GI00|GI008|MRP-|MRP-S13|MRP-S26|Rpm|Rpms13"
"67","Mrps28","1500012D08Rik|AW061224"
"68","Mrps7","MRP|MRP-S7|Rp|Rpms7|S7mt"
"69","Mrps9","2310002A08Rik|AW322516|Mrp-S9|S9mt|mg637"
"70","mt-Atp8","-"
"71","Mtif2","2310038D14Rik|2410112O06Rik|IF-2(Mt)|IF-2m|IF-2mt|IF2(mt)"
"72","Ndufa11","2010012C24Rik|AV006275|B14.7"
"73","Ndufa2","AV000592|B8|C1-B8|CI-B8"
"74","Ndufa6","14kD|14kDa|2700038D15Rik|B230217P19Rik"
"75","Ndufab1","2210401F17Rik|2310039H15Rik|2610003B19Rik|8kD|8kDa|9130423F15Rik|ACP|CI-SDAP|SDAP"
"76","Ndufaf4","1110007M04Rik|3000003G13Rik|AW214064"
"77","Ndufb11b",NA
"78","Ndufs4","6720411N02Rik|C1-18k"
"79","Oma1","2010001O09Rik|MPRP-1|ZMPOMA1"
"80","Opa1","1200011N24Rik|AI225888|AI847218|l|lilr3|mKIAA0567"
"81","Oxct1","2610008O03Rik|Oxct|Oxct2a|Sco|Scot-s"
"82","Pcx","P|Pc|Pcb"
"83","Pccb","1300012P06Rik|AI314687|R74805"
"84","Pdhx","AI481367|E3bp|Pdx|Pdx1"
"85","Pitrm1","2310012C15Rik|AA410010|MP-|MP-1|MP1|Ntu|Ntup1|P|PreP|mKIAA1104"
"86","Pmpcb","3110004O18Rik|MPP|MPP11|MPPB|MPPP52"
"87","Ptcd3","2610034F17Rik|2810422B04Rik|AA589622|AU045708|MRP-S39"
"88","Sco1","2610001C07Rik|D11Bwg1310e"
"89","Sdhb","0710008N11Rik"
"90","Sdhc","0610010E03Rik|AI316496|AU019277"
"91","Surf1","0610010F23Rik|Surf|Surf-1"
"92","Tbrg4","2310042P22Rik|AA120735|AA408001|AI527316|Cp|Cpr2|R74877|Tb-12"
"93","Timm21","1700034H14Rik|2700002I20Rik"
"94","Timm44","0710005E20Rik|D8Ertd118|D8Ertd118e|Mimt4|Mimt44|Tim4|Tim44"
"95","Tmem11","5730466P16Rik|AA409091"
"96","Tmem70","1110020A09Rik|2210416J16Rik"
"97","Tomm22","2310047D01|Tom2|Tom22"
"98","Txnrd2","AA118373|ESTM57301|ESTM573010|TG|TGR|TR|Tr3|Trxr2|Trxrd2"
"99","Uqcrq","1100001F06Rik|1500040F11Rik|5830407L17Rik|9.5kDa|AA959903|QP-|QP-C|Qp|Qpc|Uqcrb|c1502"
"100","Yars2","2210023C10Rik|tyrRS"
"101","Ppif","AW457192|CyP-|CyP-D|CyP-F|Cyp|CypD|PPIase"
"102","Sdhaf2","0610038F07Rik|AA407634|AW049997"
"103","Hint2","1190005L05Rik"
"104","Tfam","AI661103|Hmgt|Hmgts|mtTF|mtTFA|tsHM|tsHMG"
"105","Mrpl49","L49mt|MRP-L49|No|Nof1"
"106","Mrpl43","4930442D21Rik|bMRP|bMRP36a"
"107","Oxa1l","1810020M02Rik|AI894287"
"108","Sfxn1","2810002O05Rik|A930015P12Rik|f"
"109","Sdhd","3110001M13Rik|AVLL5809|C78570|PRO19626"
"110","Mrpl44","1810030E18Rik|5730593H20Rik|AI463302"
"111","Lrpprc","3110001K13Rik|C76645|Gp130|Lrp|Lrp130|Lsfc"
"112","Mrpl4","1110017G11Rik"
"113","Mrpl37","2300004O14Rik|AI132596|MRP|MRP-L2|Rp|Rpml2"
"114","Txn2","2510006J11Rik|AI788873|Trx|Trx2"
"115","Mrpl46","3110052F15Rik|C15orf4|C80107|LIEC|LIECG2|P2E|P2ECSL"
"116","Wars2","5730427B17Rik|9430020O07Rik|AI413375|T|TrpRS"
"117","Etfdh","0610010I20Rik|AV001013"
"118","Abcb10","ABC-m|Abc-me|Abcb12"
"119","Dap3","4921514D13Rik|DAP|DAP-3|MRP-S29|S29mt"
"120","Afg3l2","2310036I02Rik|AW260507|Emv6|Emv66|par"
"121","Mmab","9130222L19Rik|ATR"
"122","Vars2","1190004I24Rik|V|Vars2l|mKIAA1885"
"123","Mrps35","MDSO|MDSO23|MRP|MRP-|MRP-S28|MRPS28"
"124","Tsfm","2310050B20Rik|9430024O13Rik|EF-T|EF-TS|EF-Tsm|EF-Tsmt"
"125","Spg7","AI452278|AU015315|Cm|Cmar|PGN|pa"
"126","Acsf3","BB101783"
"127","Mrps31","1500002D03Rik|AA960481|Imoge|Imogen38|Imogen44"
"128","Ndufs7","1010001M04Rik|CI-20kD"
"129","Mpc1","0610006G08Rik|3830411I18Rik|Brp|Brp44l"
"130","Cox5b-ps",NA
"131","Coq9","2310005O14Rik|C78387"
"132","Mrps22","3100002P07Rik|Rpm|Rpms22"
"133","Acadl","AA960361|AU018452|C79855|LC|LCAD"
"134","Trnt1","2410043H24Rik|2610044E04Rik|9830143O18Rik|AA408384|C76540|CGI-4|CGI-47|mt-Trat"
"135","Mccc1","1810045E08Rik|2310058B18Rik|MCC|MCCalpha|Mcca|R75106"
"136","Suclg1","1500000I01Rik|Suc|Sucla1"
"137","Pdhb","2610103L06Rik|AL024199|C81408"
"138","Gcsh","1100001L02Rik|5730591C18Rik"
"139","Slc25a3","5730556H19Rik|PTP|Ph|Phc"
"140","Mrpl28","1110015G04Rik|L28mt|MAA|MAAT1|MRP-L28|p1|p15"
"141","Pnpt1","1200003F12Rik|Old35|P|PNPase|Pnptl1"
"142","Acadsb","1300003O09Rik|2-MEBCAD|BB066609|SBCAD"
"143","Nars2","AI875199"
"144","Hibch","2610509I15Rik|HIBYL-C|HIBYL-COA-H"
"145","Hscb","AI325508|AW049829|Hsc20"
"146","Mrps5","1620401I16Rik|AI850294"
"147","Timm9","2810011L15Rik|Tim1|Tim10a|Timm1|Timm10"
"148","Ndufb5","0610007D05Rik|AU015782|CI-SGDH|SGDH"
"149","Sco2","-"
"150","Ndufa7","14.5kD|14.5kDa|2400007M02Rik|CI-B14.5a"
"151","Idh3b","C78231"
"152","Mrps10","1110038B19Rik|AW743084|Rpm|Rpms10"
"153","Mrpl20","2610008D01Rik|4930425I20Rik"
"154","Gls","6330442B14|AI314027|B230365M23Rik"
"155","Timm50","2810403L02Rik|AU015082|TIM5|TIM50L"
"156","Dhodh","2810417D19Rik|AI834883"
"157","Ears2","3230401I01Rik|mKIAA1970"
"158","Mcu","2010012O16Rik|AV064928|C10orf42|Ccdc109|Ccdc109a|D130073L02Rik|Gm64"
"159","Nadk2","MNA|MNADK|Nadk|Nadkd1"
"160","Ogdh","2210403E04Rik|2210412K19Rik|AA409584|d1401|mKIAA4192"
"161","Ndufs6","BC059730|IP|IP13"
"162","Mrps27","2610028H14Rik"
"163","Taco1","2310066I18Rik|Ccdc44"
"164","Hccs","-"
"165","Chchd6","0710001P09Rik|1700021B03Rik|Mico|Micos25"
"166","Dbt","BCKAD-E2|D3Wsu60|D3Wsu60e"
"167","Pdk2","-"
"168","Timm17b","17kD|17kDa|Sfc|Sfc3|mTim17|mTim17b"
"169","Micu2","1110008L20Rik|4833427E09Rik|AU041871|Efha|Efha1|Smhs2"
"170","Ndufs8","BC021616|CI-23kD|TYKY"
"171","Mrpl39","C21orf8|MRP|MRP-L5|ORF22|Rp|Rpml5"
"172","Acadm","AU018656|MCA|MCAD"
"173","Cox7a2l","COX|COX7AR|COX7RP|EB1|SIG|SIG-|SIG-81|SIG81|Silg81"
"174","Idh3g","-"
"175","Nnt","4930423F13Rik|AI323702|BB168308"
"176","Maoa","1110061B18Rik|AA407771|MA"
"177","Gatb","9430026F02Rik|Pet11|Pet112|Pet112l"
"178","Mrpl40","Nl|Nlvcf"
"179","Mrpl14","1110006I11Rik|AI846816|MRP-|MRP-L32|Rpm|Rpml32"
"180","Mcee","1110007A04Rik"
"181","Timm13","D10Ertd378|D10Ertd378e|Tim|Tim9|Timm|Timm9"
"182","Aars2","Aarsl|AlaRS|Gm89"
"183","mt-Nd1","-"
"184","Oxsm","4933425A18Rik|C80494"
"185","Cox7c","COX|COXVIIc|Cox7c1"
"186","Mrpl11","2410001P07Rik|L11mt"
"187","Mrps34","0610007F04Rik|5330430D13Rik|AV001970|Tce2"
"188","Ivd","1300016K07Rik|6720455E18Rik|AI463340"
"189","Mrpl41","MRP-|MRP-L27|Rpm|Rpml27"
"190","Lars2","AI035546|Kiaa0028|LEURS"
"191","Abcb8","4833412N02Rik|AA409895|MITOSUR"
"192","Ndufaf5","2310003L22Rik"
"193","Foxred1","BC024806|TEG-23|Tex23"
"194","Trmt10c","1300018J16Rik|D16Ertd454|D16Ertd454e|Rg9mtd|Rg9mtd1|Rnmtd1"
"195","Bcs1l","9130022O19Rik"
"196","Crat","AW107812|CA|CARAT"
"197","Coq7","clk-|clk-1"
"198","Timm17a","17kD|Tim17a|mTim1|mTim17a"
"199","Rtn4ip1","D10Ertd690|D10Ertd690e|N|NIMP"
"200","Mrps23","D11Bwg1153e|MRP-S23|Rpm|Rpms23|S23mt"
"201","Ndufa12","2410011G03Rik|AW112974|CI-B17.2|CIB17.2"
"202","Mpc2","0610006C01Rik|2010002I07Rik|2610205H19Rik|AA108335|Brp|Brp44|ESTM4|ESTM43"
"203","Timm10","Tim1|Tim13|Timm1|Timm13a"
"204","Ndufaf7","2410091C18Rik|AL033374|PRO1853"
"205","Pgam5","2610528A17Rik"
"206","Qrsl1","2700038P16Rik|C80053|Ga|GatA"
"207","Ccdc51","5730568A12Rik|AI551049|Mit|Mitok"
"208","Ndufa9","1010001N11Rik"
"209","Oat","AI194874|rh|rhg"
"210","Ndufv1","CI-51kD"
"211","D2hgdh","AA408776|AA408778|AI325464"
"212","Ndufv2","2900010C23Rik"
"213","Gpd2","AA408484|AI448216|AU021455|AW494132|GPDH|Gdm1|Gpd-m|Gpdh-m|TISP38"
"214","C1qbp","AA407365|AA986492|D11Wsu182|D11Wsu182e|HAB|HABP1|P3|P32|gC1qBP"
"215","Csl","1700007H16Rik"
"216","Idh2","E430004F23|ID|IDPm|Idh-|Idh-2"
"217","Ndufb6","CI-B17|Gm137"
"218","Cox7a2","COX|COX7AL|Cox7|Cox7a3|CoxVIIa-L"
"219","Tars2","2610024N01Rik|AI429208|Ta|Tarsl1|thrRS"
"220","Coq5","1810014G04Rik|D5Ertd33|D5Ertd33e"
"221","Uqcrb","2210415M14Rik|QP-|QP-C|QPC|UQBC|UQBP|UQPC"
"222","Sucla2","4930547K18Rik|A-SCS|SCS-betaA"
"223","Trap1","2410002K23Rik|HSP|HSP75"
"224","Hspa9","74kDa|C|Csa|GRP|Grp75|Hs|Hsc7|Hsc74|Hsp|Hsp74|Hsp74a|Hspa9a|Mortalin|Mot-2|Mot2|Mthsp70|PBP|Pbp74|mo|mot-|mthsp"
"225","Slirp","1810035L17Rik"
"226","Ecsit","Sit|Sitpec"
"227","Slc25a20","1110007P09Rik|C78826|CAC|Cact|mCA|mCAC"
"228","Fahd1","1110025H10Rik|AV002085"
"229","Pcca","C79630"
"230","Mrpl2","CGI-2|CGI-22|L2mt|MRP-|MRP-L14|MRP-L2|Rpm|Rpml14"
"231","Mrpl1","2410002L03Rik|5830418D04Rik|AI462572|L1mt"
"232","Nipsnap1","-"
"233","Ndufs5","AI256693"
"234","Clybl","0610033J05Rik|2310014M14Rik|AI256068|Cl|Clb"
"235","Gpt2","4631422C05Rik|AL|ALT2|AU014768|AU041193|C87201"
"236","Ndufaf1","2410001M24Rik|CGI-6|CGI-65|CIA|CIA30"
"237","Pdk1","B830012B01|D530020C15Rik"
"238","Cars2","2310051N18Rik|2410044A07Rik|D530030H10Rik|cysRS"
"239","Mtx1","Gca|Gcap6|Mtx"
"240","Pck2","1810010O14Rik|9130022B02Rik|PEPCK-M"
"241","Sars2","2410015F05Rik|D7Ertd353|D7Ertd353e|SerRS|SerRSmt"
"242","Mars2","C730026E21Rik|MetRS"
"243","mt-Co1","CoxI"
"244","Aldh6a1","1110038I05Rik|Mmsd|Mmsdh"
"245","Cpt1a","C730027G07|CP|CPTI|Cpt|Cpt1"
"246","Cyc1","2610002H19Rik|AA408921|Cyct1"
"247","Abhd10","-"
"248","Pdha1","Pdha|Pdha-1"
"249","Dnaja3","1200003J13Rik|1810053A11Rik|C81173|Tid-|Tid-1|Tid1l"
"250","Ak4","AK 4|Ak-|Ak-3|Ak-4|Ak3|Ak3l1|D4Ertd274|D4Ertd274e"
"251","Mrpl50","AA408971|AI317351|D4Wsu125|D4Wsu125e"
"252","Dhrs4","AI043103|AI790593|CR|D14Ucl|D14Ucla2|NDRD|PHCR|PSCD|R|RRD|mouNRDR"
"253","Bcat2","Bcat(m)|Bcat-|Bcat-2|Eca4|Eca40"
"254","Sardh","-"
"255","Mrpl17","MRP-|MRP-L26|Rpm|Rpml26"
"256","Acads","AI196007|Bcd-1|Bcd1|Hdlq|Hdlq8|SC|SCAD"
"257","Sfxn3","-"
"258","Mterf3","2410017I18Rik|Mterfd|Mterfd1"
"259","Ndufb8","2900010I05Rik|AI987932|CI-ASHI"
"260","Ndufc2","1810004I06Rik|2010300P09Rik|G1|R75094"
"261","Ndufb7","1110002H15Rik"
"262","Coa3","1810033A19Rik|Ccdc56|D11Ertd99|D11Ertd99e|HSPC009"
"263","Ndufs2","CI-49kD"
"264","Tomm20","1810060K07Rik|BB284719|Gm19268|MAS20|MOM19|TOM2|TOM20|mKIAA0016"
"265","Ndufa10","2900053E13Rik"
"266","Apool","6720473G16Rik|9430083G14Rik|E130106L15Rik|Mico|Micos27"
"267","Slc25a11","2310022P18Rik|2ox|2oxoc"
"268","Coq6","5930427M12Rik|AW742344"
"269","Tmem126a","1810020E01Rik"
"270","Mthfd1l","2410004L15Rik|AI647056|Fthfsdc|Fthfsdc1"
"271","Elac2","1110017O07Rik|D11Wsu80|D11Wsu80e|Hpc2"
"272","Mrps36","1110018B13Rik|S36mt"
"273","Clpx","AU014732|E330029I21"
"274","Ssbp1","2810480P10Rik|G630031O20Rik|MtSSB|mtDB|mtDBP"
"275","Vwa8","1300010F03Rik|4932416F07Rik|AI957255|Kiaa0564|mKIAA0564"
"276","Mrpl16","2310039D06Rik"
"277","Mrpl48","1810030E20Rik|2610028L11Rik|CGI-11|CGI-118|D4Ertd786|D4Ertd786e|L48mt|MRP-L48"
"278","mt-Nd4","-"
"279","Mgme1","8430406I07Rik|AI426476"
"280","Poldip2","1300003F06Rik|Pdip38"
"281","Acot2","AA571646|MTE-|MTE-I|Mte1"
"282","Hmgcl","AW476067|HL"
"283","Etfb","0610009I16Rik|2810441H06Rik"
"284","Cox4i1","AL024441|CO|COX|COX IV-1|COXIV|Cox4|Cox4a|IV-1"
"285","Rmnd1","0610042C05Rik|AA408137|AI462664|AW536662"
"286","Nfs1","AA987187|m-Nf|m-Nfs1|m-Nfsl"
"287","Stoml2","0610038F01Rik|MSLP2|SL|SLP-2"
"288","Fam162a","2310056P07Rik|HGTD-P"
"289","Rhot1","2210403N23Rik|AA415293|AF244542|AI834919|Arh|Arht1|C430039G08Rik|Mi|Miro1"
"290","Aass","LKR|LKR/SDH|LOR|LOR/SDH|Lo|Lorsdh|SDH"
"291","Cox6b1","2010000G05Rik|COX VIb-1|Cox6b"
"292","Mrrf","2400002D02Rik|MRFF|MTRRF|RRF"
"293","Hibadh","6430402H10Rik|AI265272"
"294","Hadh","AA409008|AU019341|AW742602|HCDH|Hadhsc|Sch|Schad"
"295","Pars2","BC027073"
"296","Cox11","2010004I09Rik"
"297","Nlrx1","BC034204|NOD9"
"298","Cox6a1","VIaL"
"299","Mrpl21","BC028768|L21mt|MRP-L21"
"300","Vdac3","-"
"301","Mfn1","2310002F04Rik|6330416C07Rik|D3Ertd265|D3Ertd265e|HR|HR2|mKIAA4032"
"302","Acat1","6330585C21Rik|Ac|Acat"
"303","Htra2","AI481710|Htr|O|Omi|Pr|Prss25|mnd|mnd2"
"304","Iba57","4930543L23Rik|A230051G13Rik|C1orf69"
"305","Ndufs3","0610010M09Rik|CI-30kD"
"306","Timmdc1","2810021C21Rik|4930455C21Rik|AV135763"
"307","Aco2","Ac|Aco|Aco-2|Aco3|D10Wsu183|D10Wsu183e"
"308","Pdp1","Gm1024|Ppm|Ppm2c"
"309","Etfa","2010200I21Rik|D9Ertd394|D9Ertd394e"
"310","Pdss2","5430420P03Rik|Gm60|P|Plmp|kd|mDL|mDLP1"
"311","Samm50","1110030L07Rik"
"312","Acsf2","-"
"313","Supv3l1","6330443E10Rik"
"314","Hars2","4631412B19Rik|H|HARSR|HO|HO3|Harsl"
"315","Bdh1","2310032J20Rik|AI327223|Bdh"
"316","Tomm40","AW539759|Mom35|Tom4|Tom40"
"317","Uqcrfs1","4430402G14Rik|AI875505"
"318","Shmt2","2700043D08Rik|AA408223|AA986903|SHMT"
"319","Slc25a46","1200007B05Rik|AI325987"
"320","Mrps24","3110030K20Rik|AI414579|MRP-S24|Rpm|Rpms24|S24mt"
"321","Cyp27a1","1300013A03Rik|Cyp2|Cyp27"
"322","Chchd3","0610041L09Rik|1700039J09Rik|AW558177|Mico|Micos19"
"323","Aldh2","AHD-M1|ALDH-E2|ALDHI|Ahd|Ahd-|Ahd-5|Ahd5"
"324","mt-Co2","-"
"325","mt-Cytb","-"
"326","Alas1","A|ALAS|ALAS-N|Al|Alas-1|Alas-h"
"327","Pmpca","1200002L24Rik|4933435E07Rik|Alp|Alpha-MPP|IN|P-55"
"328","Mtx2","1500012G02Rik"
"329","Prdx5","AOEB1|AOEB166|AOPP|P|PLP|PMP|Pmp20|Prd|Prdx6|PrxV"
"330","Rexo2","1810038D15Rik|AW107347|Rex|Rex2|S|Sfn|Sm|Smfn"
"331","Ndufv3","1500032D16Rik"
"332","Idh3a","1110003P10Rik|1500012E04Rik|AA407078|AI316514"
"333","Yme1l1","Fts|FtsH1|Ftsh"
"334","Tamm41","1500001M20Rik|TAM41"
"335","mt-Nd5","-"
"336","Lyrm7","1700024C24Rik|9330147L21Rik"
"337","Hadha","C77020|Mt|Mtpa|TP-alpha"
"338","Diablo","0610041G12Rik|1700006L01Rik|AU040403|Sm|Smac"
"339","Acaa2","0610011L04Rik|AI255831|AI265397|D18Ertd240|D18Ertd240e"
"340","Ndufaf2","1810058I14Rik|C86051|Ndufa|Ndufa12l|mim|mimitin"
"341","Rmdn3","1200015F23Rik|AI131757|Fam82|Fam82a2|Ptpip51|RMD-3|Rmd3"
"342","Atad3a","2400004H09Rik|Atad3|Tob|Tob3|mKIAA1273"
"343","Ppox","Ppo"
"344","Coq4","D2Ertd97|D2Ertd97e"
"345","Aldh7a1","Atq|Atq1|D18Wsu181|D18Wsu181e"
"346","Aldh1l2","D330038I09Rik|mtFDH"
"347","Agk","2610037M15Rik|6720408I04Rik|AI465370|MuL|Mulk"
"348","Mrpl15","HSPC1|HSPC145|MRP|MRP-L7|Rp|Rpml7"
"349","Gadd45gip1","2310040G17Rik|AI425883|Cri|Crif1|MRP-L59|Plinp1"
"350","Pycr2","1810018M05Rik|P5c|P5cr2"
"351","Xpnpep3","APP3|E430012M05Rik"
"352","Ndufa4","ML|MLRQ"
"353","Tst","Rhod|rhodanese"
"354","Fam136a","2010309E21Rik|AW124904|Hyccin"
"355","Ppa2","1110013G13Rik|Sid63|Sid6306"
"356","Mrpl47","4833424P18Rik|CGI-20|CGI-204|Gm9859|L47mt|MRP-L47|MTF/L47|NCM|NCM1"
"357","Uqcrh","2210416J04Rik|2310021J10Rik|2610041P16Rik"
"358","Atpaf2","ATP|ATP12|ATP12p"
"359","Timm22","Tim22"
"360","Pdk3","2610001M10Rik|AI035637"
"361","Nubpl","2410170E07Rik"
"362","Smdt1","1500032L24Rik|Emr|Emre"
"363","Dnajc11","E030019A03Rik"
"364","Uqcrc2","1500004O06Rik"
"365","Macrod1","AI604841|AW743046|D930010J01Rik|Lrp16"
"366","Mrpl30","2310001L22Rik|L30mt|MRP-|MRP-L28|MRP-L30|Rpm|Rpml28"
"367","Aifm1","A|AIF|AIFsh2|Hq|Pdcd|Pdcd8"
"368","Ak3","AA407498|AI506714|AK-|AK-3|Ak3l|Ak3l1|Akl3l"
"369","Mrpl38","1110036N21Rik|4733401F03Rik|MRP|MRP-L3|R75240|Rp|Rpml3"
"370","Mrpl24","2010005E08Rik|2810470K06Rik|6720473G22Rik|AA407670"
"371","Ndufb9","1190008J14Rik|CI-B22"
"372","Polrmt","1110018N15Rik|4932416K13"
"373","Isca1","1810010A06Rik|Hbld|Hbld2"
"374","Mrpl42","2700009F22Rik|2900055D03Rik|D10Ertd322|D10Ertd322e|HSPC2|HSPC204|L31mt|L42mt|MRP-|MRP-L31|MRP-L42|MRP-S32|PTD00|PTD007|Rpm|Rpml31|S32mt"
"375","Mpst","Mst"
"376","Mrps18b","2400002C15Rik|MRP-S18-2|S18mt-b"
"377","Gstz1","GSTZ1-1|MAAI"
"378","Lias","2900022L22Rik|4933425M12Rik|7a5e|7a5ex|C77512|LS|lip-syn|mL"
"379","Pdpr","4930402E16Rik|AU018056|mKIAA1990"
"380","Hadhb","4930479F15Rik|Mtp|Mtpb|TP-beta"
"381","Gm10053",NA
"382","Aldh4a1","A930035F14Rik|ALD|Ahd|Ahd-|Ahd-1|Ahd1|Aldh4|Aldh5a1|E330022C09|P5cd|P5cdh|P5cdhl|P5cdhs|Ssd|Ssdh1"
"383","Slc25a13","AI785475|Ct|Ctrn|ci"
"384","Dld","-"
"385","Mrpl55","2810038N09Rik|L55mt|MRP-L55"
"386","Atpaf1","6330547J17Rik|AI593252|ATP|ATP11|ATP11p"
"387","Nfu1","0610006G17Rik|CGI-3|CGI-33|Hi|Hirip5"
"388","Acad12","9330129D05Rik"
"389","Slc25a4","AU019225|An|Ant1|mANC1"
"390","Slc25a22","1300006L01Rik|AI060884|Gc1"
"391","Tufm","2300002G02Rik|C76308|C76389|EF-TuMT|EFTU"
"392","Ndufaf3","4733401H18Rik"
"393","Malsu1","2410003K15Rik|Matsu1"
"394","Sdhaf1","0610010E21Rik|AI430885|AW490662|Lyr|Lyrm8"
"395","Pam16","2010110I09Rik|AV006767|CGI-13|CGI-136|Mag|Magmas|Tim1|Tim16|Timm16"
"396","Ndufb2","1810011O01Rik|8kD|8kDa|AGGG|AI325567|CI-AGGG"
"397","Rars2","1500002I10Rik|PRO1|PRO1992|Rarsl"
"398","Mrpl32","0610033O15Rik"
"399","Gcat","AI526977|Kb|Kbl"
"400","Dnajc19","1810055D05Rik|AA959924|Tim14"
"401","Suox","SO"
"402","Nme4","2610027N22Rik|2810024O08Rik|5730493H09Rik|NM23-M|NM23-M4|Nm23M4"
"403","Adhfe1","6330565B14Rik|AI043035|Adh8|HOT"
"404","Noa1","2610024G14Rik|AU022345|AtNOS1|mAt|mAtNOS1"
"405","Slc25a1","1300019P08Rik|2610100G11Rik|AI194714|Ctp|Dgs|Dgsj|Slc2|Slc20a3"
"406","Phb2","AU044498|BAP|Bap37|Bcap|Bcap37|R|REA"
"407","Mrps12","AI327385|Rpm|Rpms12|rp|rps12"
"408","Mrps18a","1110004O20Rik|C79712"
"409","Mrpl3","2010320L16Rik|5930422H18Rik|AA407889|L3mt|dc|dcr"
"410","Echs1","C80529|SCEH"
"411","Glud1","AI118167|Gdh-X|Glu|Glud|Gludl"
"412","Ndufa5","2900002J19Rik|CI-13kD-B"
"413","Ech1","AA617331"
"414","Mrps6","AW046321"
"415","Isca2","0710001C05Rik|5730594E03Rik|Hbld|Hbld1"
"416","Acadvl","VL|vlcad"
"417","Gsr","AI325518|D8Ertd238|D8Ertd238e|Gr-|Gr-1|Gr1"
"418","Slc25a5","An|Ant2"
"419","Pde12","2'-PDE|E430028B21Rik"
"420","Ddx28","2410004K13Rik|AI449652|Mddx28"
"421","Gldc","D030049L12Rik|D19Wsu57|D19Wsu57e|b2b2679C|b2b2679Clo"
"422","Fh1","Fh|Fh-1|fuma"
"423","Mtfp1","1700020C11Rik|2610507A21Rik|AV005788|Mtp1|Mtp18"
"424","Hk2",NA
"425","Mrps33","AI841153|CGI-13|CGI-139|Gda|Gdap3|MRP-|MRP-S33|PTD00|PTD003"
"426","Ak2","Ak-|Ak-2|D4Ertd220|D4Ertd220e"
"427","Ttc19","2010204O13Rik|2810460C24Rik|AI505442"
"428","Slc25a24","2610016M12Rik"
"429","Apoo","0610008C08Rik|1110019O03Rik|Mico|Micos26"
"430","Grpel2","mt-GrpE|mt-GrpE#2|mt-Grpel2"
"431","Slc25a32","2610043O12Rik|Mftc"
"432","Hsd17b10","17bHSD10|Ad|Ads9|ER|ERAB|Hadh|Hadh2"
"433","Cox8a","COX|COX8L"
"434","Uqcrc1","1110032G10Rik"
"435","Slc25a12","2610002D09Rik|AI839531|B230107K20Rik|BB129864"
"436","Mtch2","2310034D24Rik|4930539J07Rik|HSPC0|HSPC032"
"437","Parl","D16Ertd607|D16Ertd607e|P|PRO2|PRO2207|PS|PSARL1|PSENIP2|Psarl"
"438","Mcur1","6230416A05Rik|AU015498|AV136929|AW554392|C88263|Ccdc90|Ccdc90a"
"439","Prodh","P|Pr|Pro-1|Pro1|Ym24d07"
"440","Timm23","Tim2|Tim23"
"441","Slc25a35","1810012H11Rik"
"442","Mthfsl","Gm2382"
"443","Abat","9630038C02Rik|AI255750|GABA|Gabaat|Gabat|Gm9851|I54|Laibat|X61497"
"444","Ndufb3","2700033I16Rik|CI-B12"
"445","Dlst","1600017E01Rik|4632413C10Rik|4930529O08Rik|DLTS"
"446","Tfb2m","Hkp|Hkp1"
"447","Ogdhl","-"
"448","Eral1","2610524P08Rik|9130407C09Rik|AU019798|Era|M-ERA|MER|MERA|MERA-S|MERA-W"
"449","Pdk4","AV005916"
"450","Grsf1","BB232551|C80280|D5Wsu31|D5Wsu31e"
"451","Gatm","1810003P21Rik|AI314789|AT"
"452","Sirt3","2310003L23Rik|AI848213|Si|Sir2l3"
"453","Cox7a1","COX|COX7|COX7A|COX7AH|COX7AM"
"454","Tmem14c","1110021D01Rik|AU020193|HSPC1|HSPC194"
"455","Coa7","2010305A19Rik|AI451324|D4Ertd796|D4Ertd796e|Sel|Selrc1"
"456","Acad8","2310016C19Rik|AI786953"
"457","Eci1","Dc|Dci|ec|eci"
"458","Ndufa8","0610033L03Rik|AW261656|CI-19kD|CI-PGIV"
"459","Pus1","A730013B20Rik|MPU|MPUS1|mPus1p"
"460","Mrpl54","0610008M19Rik|D10Sut1|D10Sut1e"
"461","Mdh2","MDH|Mdh-2|Mo|Mor|Mor-1|Mor1"
"462","Mtch1","2310034O17Rik|AI255158|AU018396|C77849|PSAP"
"463","Mrps17","1810006P02Rik|Mprs17"
"464","H2-Ke6","D17H6S112E|H-2Ke6|Hsd17b8|Ke-6|Ke6|Ri|Ring2"
"465","Mrpl51","2610511M02Rik|CDA0|CDA09|HSPC2|HSPC241|Mrp|Mrp64"
"466","Dnajc15","1110003P16Rik|Dnaj|Dnajd1"
"467","Rpusd4","2410001E19Rik"
"468","Ldhd","4733401P21Rik|D8Bwg1320e|DLD"
"469","Mrpl57","2610025P17Rik|AV005697|Mrp|Mrp63"
"470","Eci3",NA
"471","Uqcc2","2900010M23Rik|Cbp|Cbp6|M19|Mnf|Mnf1"
"472","Armc10","2810037C14Rik|Svh"
"473","Ndufs1","5830412M15Rik|9930026A05Rik"
"474","Acsm3","S|Sa|Sah"
"475","Amt","EG434437|GCVT"
"476","Prdx3","A|AW822249|Aop1|D0Toh|D0Tohi1|Ef2|Ef2l|Mer|Mer5|Prx3|SP|SP22|TDXM"
"477","Tmem65","2610029O13Rik|4930438D12Rik"
"478","Mrpl53","1110007K17Rik"
"479","Timm8a2","-"
"480","Gatc","2010003O18Rik"
"481","Sdha","1500032O14Rik|2310034D06Rik|4921513A11|C81073|F|FP|SDH|SDH2|SDHF"
"482","Pisd","9030221M09Rik"
"483","Gls2","A330074B06Rik|AI195532|GA|GLS|L|Lga"
"484","Mrps30","2610020A16Rik|AA968347|PAP|Pdcd|Pdcd9"
"485","Exog","AW557704|ENDO|ENG|ENGL-B|ENGL-a|Endogl1|Endogl2|Engl|Engla|Englb"
"486","Mtpap","0610027A18Rik|AW551379|Pa|Papd1|Tent|Tent6"
"487","Ndufaf6","2310030N02Rik"
"488","mt-Nd2","-"
"489","Gfer","Alr|ER|ERV1"
"490","Slc25a10","Di|Dic"
"491","Cox20","2310005N03Rik|Fam3|Fam36a"
"492","Mlycd","AI324784|Mcd"
"493","Cox4i2","Cox4|Cox4b|CoxIV-2"
"494","Sirt5","0610012J09Rik|1500032M05Rik|AV001953"
"495","Acss1","1110032O15Rik|AI788978|Ac|Acas2|Acas2l|AceC|AceCS2"
"496","Mrpl18","1010001C05Rik|C79879|HSPC0|HSPC071|MRP-|MRP-L18"
"497","Dtymk",NA
"498","Nln","4930472G13Rik|C79345"
"499","Fars2","Fa|Fars1|pheRS"
"500","Trmu","1110005N20Rik|1600025P05Rik|AI314320|Trmt|Trmt1"
"501","Msrb2","2310050L06Rik|Mrsb|Ms|Msrb|Pilb"
"502","Ndufa1","1810049F12Rik|MWFE"
"503","Ndufb4","0610006N12Rik|1300010H20Rik"
"504","Gm45799",NA
"505","Dmgdh","1200014D15Rik|AI787269"
"506","Chchd1","1110001O19Rik|2400010G13Rik|MRP-S37"
"507","Lyrm4","BC034664|Gm903"
"508","Synj2bp","A|AA409442|ARIP2|ActRIP4|D12Wsu118|D12Wsu118e|OMP|OMP25"
"509","Acot10","Acat|Acate3|MT-ACT4|MT-ACT48|p4|p48"
"510","Cmc1","2010110K16Rik|2010312P05Rik|AI596001"
"511","Mtg2","1810011P19Rik|2900056P18Rik|D2Bwg0647e|Gtpb|Gtpbp5"
"512","Tefm","1110002N22Rik"
"513","Endog","-"
"514","Suclg2","AF171077|AW556404|D6Wsu120|D6Wsu120e|G-SCS|GTPSCS|SCS-betaG"
"515","Uqcc1","2310079L17Rik|2410003P15Rik|3110038N19Rik|Bfz|Bfzb|Bfzp|Cbp|Cbp3|Uqcc"
"516","Mrps18c","1110037D14Rik"
"517","Cox10","2410004F01Rik|AU042636"
"518","Mavs","D430028G21Rik|IP|IPS-1|Visa|cardif"
"519","Opa3","D630048P19Rik|Gm1425|Gm472"
"520","Mrpl45","2600005P05Rik|AU043542|R75241"
"521","Ndufa3","1010001M12Rik|1700022J01Rik"
"522","Me3","1700020C08Rik|B230207H15Rik"
"523","Mto1","2310039H01Rik|5730419A02Rik"
"524","Cyb5r3","0610016L08Rik|2500002N19Rik|B5R|C85115|Di|Dia|Dia-1|Dia1|WU:Cyb5r3"
"525","Cox14","2310016M24Rik|AA959804"
"526","Hmgcs2","1300002P16|mH|mHS"
"527","Hax1",NA
"528","Agxt2","AI303810|AI663818"
"529","Aadat","AI875679|Aadt|KA|KATII|Kat|Kat2|Kyat|Kyat2|mKat-|mKat-2"
"530","Cox6a2","COX|CoxVIaH|V|VIaH"
"531","Otc","AI265390|Sf|spf"
"532","Cox5a","AA959768|CcO|CcOX"
"533","Atad1","4921525H23Rik|AW107648|Tho|Thorase"
"534","Vdac2","Vda|Vdac6|mVDAC2|mVDAC6"
"535","Fis1","2010003O14Rik|Ttc11"
"536","Phb","Bap32"
"537","Mrpl52","1110047B07Rik"
"538","Mrpl19","9030416F12Rik|9130412E02Rik|D6Ertd157|D6Ertd157e|MRP-|MRP-L15|RL|RLX1|Rpm|Rpml15"
"539","Akap1","AKA|AKAP121|AKAP84|Akap|C76494|C81186|DAK|DAKAP1|S-AK|S-AKAP84"
"540","Cps1","4732433M03Rik|C|CPS|D1Ucl|D1Ucla3"
"541","Cyb5b","1810044O22Rik|AU015618|Cyb5m"
"542","Slc25a42","2900084M01Rik"
"543","Ptcd2","1190005P08Rik"
"544","Bola1","1810037G04Rik"
"545","Polg","AA409516|P|PolgA"
"546","Pptc7","9130017A15Rik|AA672638|AI848390|TA-PP2C"
"547","mt-Atp6","-"
"548","Got2","AL022787|FABP|FABP-pm|Got-2|Kyat|Kyat4|mA|mAspAT"
"549","Uqcr11","0710008D09Rik|AL022707|Uqc|Uqcr"
"550","Uqcr10","1110020P15Rik|AA960494|Ucrc"
"551","Coa6","1810063B05Rik|AI447995"
"552","Usp30","6330590F17Rik|AI851327|D5Ertd483|D5Ertd483e"
"553","Mterf2","1700007D05Rik|Mterfd|Mterfd3"
"554","Sod2","Mn|MnSOD|Sod|Sod-2"
"555","Hspe1-rs1",NA
"556","Lipt2","2610209A20Rik"
"557","Mrpl34","0610007O17Rik|D8Bwg1484e"
"558","Cpt1b","Cpt|Cpt1|Cpt1-m|Cpti|Cpti-m|M-CP|M-cpti"
"559","Ndufc1","2310016K22Rik|KFYI"
"560","Arg2","AII|AU022422"
"561","Hk1",NA
"562","Pdp2","4833426J09Rik|Gm1705|mKIAA1348"
"563","Sfxn2","C79732|F630107H02Rik"
"564","Tfb1m","AI429207|mtTFB1"
"565","Ptcd1","1110069M14Rik"
"566","Slc25a26","4930433D19Rik|4933433F13Rik|AW557176|D6Bwg0781e|Slc25a6"
"567","Gtpbp3","2410009F13Rik|AI607903|Gtpb"
"568","Ptrh2","A230072I16Rik|Bit|Bit1|CGI-147|PTH 2"
"569","Tmem126b","1110001A23Rik"
"570","Polg2","mtPolB|p55|polG-beta"
"571","Them4","2700077M13Rik|4921507I02Rik"
"572","Maob","6330414K01Rik|MAO|MAO-B"
"573","mt-Nd3","-"
"574","Chchd2","AL033347|Etoh|Etohi6"
"575","Pdf","2610019N19Rik"
"576","Acss3","8430416H19Rik|Gm874"
"577","Slc25a25","1110030N17Rik|MCSC|mKIAA1896"
"578","Timm8b","Tim8|Tim8b"
"579","Tomm6","1110002E23Rik|AI663970"
"580","Alas2","A|ALAS|ALAS-E|ALASE|Al|Alas-2"
"581","Nags","1700120E20Rik|argA"
"582","Mettl17","2310032K15Rik|D14Ertd209|D14Ertd209e|Mett11d1"
"583","Alkbh7","2310045B01Rik|2510008E23Rik|Abh|Abh7|Spa|Spata11"
"584","Cyp11a1","Cyp1|Cyp11a|Cypxia1|D9Ertd411|D9Ertd411e|P450s|P450scc|Sc|Scc|csc|cscc"
"585","Mpv17","Tg.Mpv|Tg.Mpv17"
"586","Pycr1","P5CR 1|P5CR1"
"587","Dhx30","2810477H02Rik|C130058C04Rik|Ddx30|HELG|Ret-CoR|hel"
"588","Mrps21","1810031B19Rik|S21mt"
"589","Ptpmt1","1110001D10Rik|2810004N20Rik|PLIP"
"590","Qdpr","2610008L04Rik|D5Ertd371e|Dhpr|PKU2"
"591","Gstk1","0610025I19Rik|AW260476|Dsb|DsbA-L"
"592","Mrpl33","0610009M10Rik|L33mt|MRP-L33"
"593","Acsl1","Ac|Acas|Acas1|Acs|FACS|Fac|Facl2|LACS 1|LACS1"
"594","Ndufb10","0610011B04Rik|22kD|22kDa|PDSW"
"595","Ppm1k","2900063A19Rik|A930026L03Rik|PP2|PP2C-kappa|PP2Cm"
"596","Dguok","dGK|dGK1|dGK2|dGK3"
"597","Crls1","0610009I22Rik|4930557M15Rik|5730490M08Rik"
"598","Fastkd3","2310010B21Rik|AW048587"
"599","Nudt13","4933433B15Rik"
"600","Slc25a36","C330005L02Rik"
"601","Tomm7","1110020J08Rik|AW047273|TOM|Tom7"
"602","Msra","2310045J23Rik|6530413P12Rik|MS|MSR-A"
"603","Ckmt1","Mt-CK|ScCKmit|U-MtCK|UbCKmi|UbCKmit|mi-C|mi-CK|mia-CK"
"604","Mff","5230400G24Rik|AI314724"
"605","Nit1","AI255805|ESTM3|ESTM30|W57327"
"606","Acsl5",NA
"607","Sfxn5","C230001H08Rik"
"608","Fastkd2","2810421I24Rik"
"609","Uqcc3","AI4624|AI462493|Cbp|Cbp4"
"610","Hagh","BC019817|Gl|Glo|Glo-2|Glo2|Rs|Rsp29"
"611","Hoga1","0610010D20Rik|Dhd|Dhdpsl|N|Npl2"
"612","Pdss1","2610203G20Rik|2700031G06Rik|TPT|TPT 1|Tp|Tprt|mDLP1|mS|mSPS1"
"613","Coq2","2310002F18Rik|PHB:PPT"
"614","Gtpbp6","AV119224|Pg|Pgbpll|p|pgpl"
"615","Prelid1","2610524G07Rik|Preli"
"616","Romo1","2010100O12Rik|AI853864"
"617","Bax","-"
"618","Hemk1","2310008M14Rik|AW049265"
"619","Mthfd2l","1110019K23Rik|C630010D07Rik"
"620","Car5b","7330410H16Rik|CA|CAVB|Ca5b|CarVb|D730005F19Rik"
"621","Mfn2","D630023P19Rik|Fz|Fzo"
"622","Lipt1","EG623661"
"623","Higd1a","2210020B17Rik|7420700H20Rik|AI303276|AW049839|HIM|HIMP1|Hig|Hig1"
"624","Fundc1","1500005J14Rik|1810033P05Rik"
"625","Yrdc","AV303379|BC023823|IRIP|ITIP"
"626","Slc25a15","D630044L02Rik|Or|Ornt1"
"627","Gdap1","-"
"628","Acp6","5730559A09Rik|AC|ACPL1|AU022842|mPA|mPACPL1"
"629","Slc25a34","Gm1369"
"630","Micu3","2900075B16Rik|Efha|Efha2"
"631","Dnajc30","1300007M11Rik|Wbscr|Wbscr18"
"632","Lypla1","APT-1|Gm39587|LPL-I|P|Pla1a"
"633","Cox18","BC038311"
"634","Fundc2","4833415N24Rik|DC44|HCBP|HCBP6"
"635","Cyp27b1","Cp2|Cp2b|Cyp|Cyp1|Cyp27|Cyp27b|Cyp4|Cyp40|P450c|P450c1|Pd|Pddr|Vd|Vdd|Vdd1|Vddr|VddrI|Vdr"
"636","Cdk5rap1","2310066P17Rik"
"637","mt-Co3","-"
"638","Slc25a21","9930033G19Rik|A630030I10|BB158148"
"639","P4hb",NA
"640","Mrm1","A530065E19Rik"
"641","Mief1","A230016E22|AI452372|Smc|Smcr7l"
"642","Hspa5",NA
"643","Pdha2","Pd|Pdhal"
"644","Mgst1","1500002K10Rik|Gst"
"645","Oxct2b",NA
"646","Bcl2l1","Bcl|Bcl(X|Bcl(X)L|Bcl-XL|Bcl2l|BclX|bcl-|bcl-x|bcl2-L-1"
"647","Mmadhc","2010311D03Rik|AI314967|CblD"
"648","Gm20683",NA
"649","Chchd10","1620401E04Rik|AI267078|Ndg|Ndg2"
"650","Cyp24a1","24-OH|24-OHase|CP2|CP24|Cyp2|Cyp24"
"651","Immp2l","AI853880|IM|IMP2|Tg(HLA-A/H2-D)2Enge"
"652","Slc25a40","B230315F11Rik"
"653","Acsl4",NA
"654","Mtrf1","A830062K05Rik|MtRF-1"
"655","Ucp2","Slc25a8|UCP 2|UCPH"
"656","Fastkd1","5330408N05Rik|mKIAA1800"
"657","Mtrf1l","9130004K12Rik"
"658","Thg1l","-"
"659","Cox17","AI037035|COX1"
"660","Fkbp8","38kD|38kDa|FKBP-38|FKBP-8|FKBPR38|Fkbp3|Fkbp38|mFKBP38"
"661","Tk2","AU024611|mt-TK"
"662","Ckmt2","2300008A19Rik|ScCKm|ScCKmit"
"663","Lactb2","Cgi-8|Cgi-83|E430032H21Rik"
"664","Slc25a18","1500015I14Rik|AW125787"
"665","Nmnat3","4933408N02Rik|PN|PNAT3"
"666","Car5a","CAV|Ca|Ca5a|Car5"
"667","Mul1","0610009K11Rik|AV000801|Gide"
"668","Cox16","1810020G14Rik|1810055I05Rik|BB388670"
"669","Sirt4","4930596O17Rik"
"670","Fam210b","2010011I20Rik|AI430961|AV108736"
"671","Nt5m","2010013E09Rik|AI846937|dNT-|dNT-2"
"672","Acsm1","Acas3|Bucs|Bucs1|Ma|Macs"
"673","Sfxn4","-"
"674","Agpat5","1110013A05Rik|D8Ertd319|D8Ertd319e"
"675","Agmat","5033405N08Rik"
"676","Tspo","Bz|Bzrp|IBP|P|PBR|Ts|Tspo1"
"677","Mmaa","2810018E08Rik|AI840684"
"678","Glyctk","6230410P16Rik|C430006L12"
"679","Guk1","AA409738|AL033299|AL033300|AV026611|Gmk|Guk-1"
"680","Pgs1","2610019F11Rik|4933424M23Rik|SAF"
"681","Triap1","1810015M01Rik|AU020874|AU043831|P53csv|Wf-1"
"682","Dhrs2","5430405K24Rik|Hep27"
"683","Sugct","5033411D12Rik|D17907"
"684","Bak1","Ba|Bak|N-B|N-BAK1|N-Bak"
"685","Pink1","1190006F07Rik|AU042772|AW557854|BRPK|br|mFLJ00387"
"686","Mterf4","1810059A23Rik|4933412H03Rik|Mterfd|Mterfd2"
"687","Pnkd","2210013N15Rik|2810403H05Rik|AI854243|Brp|Brp17|MNCb-5687|MR-1|Tahccp2"
"688","Gtpbp10","4930545J22Rik|BC034507"
"689","Abcb6","1200005B17Rik"
"690","Nudt9","1190002C07Rik|ADPR-PPase|AI462474"
"691","Nme6","nm23-M|nm23-M6"
"692","mt-Nd4l","-"
"693","Rps3",NA
"694","Gpam","GPA|GPAT|GPAT-1|GPAT1|P90"
"695","Cmpk2","1200004E04Rik|TDK|TDKI|Tyk|Tyki"
"696","Ucp3","AI645527|Slc2|Slc25a9|UCP-|UCP-3"
"697","Aurkaip1","0610033H09Rik|Aip|Akip|MRP-S38"
"698","Gpx1","AI195024|AL033363|CGP|CGPx|GPx-|GPx-1|GSHPx|GSHPx-1|Gp|Gpx"
"699","Mrpl36","AI646041"
"700","Exd2","4930539P14Rik|C85658|Exdl|Exdl2"
"701","Mterf1a","4931431L11Rik|9230106K09Rik|Mter|Mterf|Mterf1|mTERF1b"
"702","Dut","5031412I06Rik|5133400F09Rik|D2Bwg0749e|Dutp|dUTPase"
"703","Nme3","1810009F08Rik|AI413736|DR-nm|DR-nm23|Ndk|Ndk3|Nm23-DR|Nm23-M|Nm23-M3"
"704","Cisd3","Mel-13|Mel1|Mel13"
"705","Fastkd5","C78212|mKIAA1792"
"706","Glyat","A330009E03Rik|ACGNAT|AI195249|AI315345|CAT|GAT"
"707","Stard7","AI852671|AL022671|AW544915"
"708","Mtfmt","2310020P08Rik"
"709","Prodh2","2510028N04Rik|2510038B11Rik|HYPDH|MmPO|MmPOX|MmPOX1|POX1"
"710","Fastk","0610011K02Rik|610011K02Rik"
"711","Slc25a28","Mfr|Mfrn2|Mrs3|Mrs3/4"
"712","Gpx4","GPx-4|GSHPx-4|PHG|PHGPx|mtPHG|mtPHGPx|sn|snGPx"
"713","Coasy","1300003G02Rik|Dpc|Dpck|P|Ppat|Ukr|Ukr1"
"714","Mrpl35","1110066C01Rik"
"715","Slc25a37","1700020E22Rik|4930513O14Rik|4930526G11Rik|AI848481|C330015G08Rik|Fra|Mf|Mfr|Mfrn|Mfrn1|Ms|Mscp|frascati|mito|mitoferrin"
"716","Vim",NA
"717","Flad1","A930017E24Rik|Pp5|Pp591"
"718","Amacr","Mac|Macr1"
"719","Bola3","1810056O20Rik"
"720","Rpusd3","AI527266"
"721","Ucp1","AI385626|Slc2|Slc25a7|Ucp"
"722","Cox6b2","1700067P11Rik|BC048670|COXV|COXVIB2"
"723","Them5","1110007B02Rik|1110038F21Rik"
"724","Fpgs","AA408187"
"725","Canx",NA
"726","Dna2","Dn|Dna2l|E130315B21Rik"
"727","Cryz","SEZ|Sez9"
"728","Lrrc59",NA
"729","Scp2","AA409774|AA409893|C76618|C79031|NSL-TP|SC|SCP|SCP-2|SCP-X|SCPX|ns|ns-LTP"
"730","Trit1","2310075G14Rik|AI314189|AI314635|AV099619|IPPT|IPT|MOD|MOD5"
"731","Cend1",NA
"732","Chchd7","1810049H20Rik"
"733","Slc25a23","2310067G05Rik|SCaMC|SCaMC-3"
"734","Metap1d","2310066F24Rik|3110033D18Rik|AV117938|MAP 1D|Map1d|MetAP 1D|Meta|Metapl1"
"735","Mcl1","AW556805|Mcl-|Mcl-1"
"736","Mthfd2","AW558851|NMDM|NMDMC"
"737","Mettl15","0610027B03Rik|AI303697|AW049952|Mett5d1"
"738","Coa5","1700001A24Rik|6330578E17Rik|Pet19|Pet191"
"739","Mpv17l2","Fksg2|Fksg24"
"740","Mocs1","3110045D15Rik|AI043170|AW536397"
"741","Ngb",NA
"742","Gm3839",NA
"743","Lyrm1","1110065L10Rik|2310004B22Rik|4930404J24Rik"
"744","Slc25a43","Gm8"
"745","Mief2","AI482195|Gm11|Smc|Smcr7"
"746","mt-Nd6","-"
"747","Bco2","B-dio|B-diox-II|Bcdo|Bcdo2|Bcmo|Bcmo2|CMO|CMO2"
"748","Myh9",NA
"749","Calr",NA
"750","Pgk1",NA
"751","Dcxr","0610038K04Rik|1810027P18Rik|XR"
"752","Trmt5","2610027O18Rik|mKIAA1393"
"753","Armcx3","1200004E24Rik|AI450003|ALEX3"
"754","Actb",NA
"755","Slc30a9","2310024J23Rik|AL024256|GAC6|GAC63|HUEL|znT-9"
"756","Slc25a16","3110021G18Rik|GDA|GDC|HGT.1|ML|ML7"
"757","Kmo","AI046660"
"758","Tdrkh","2700091C21Rik|Tdrd|Tdrd2"
"759","Park7","DJ-1|Dj1"
"760","Acacb","AI597064|AW743042|Acc|Acc2|Accb"
"761","Top1mt","2900052H09Rik"
"762","Slc25a19","2900089E13Rik|DN|DNC|MUP|MUP1|TP|TPC"
"763","Star","AV363654|D8Ertd419|D8Ertd419e|stARD1"
"764","Slc25a29","C030003J19Rik|CA|CACL|mCA|mCACL"
"765","Ybey","1110068N23Rik|A130042E20Rik|C21orf57|ORF57|ORF66"
"766","Vps13a",NA
"767","Slc25a14","BMCP|BMCP1|UCP|UCP5|UCP5L|UCP5S"
"768","Slc25a39","3010027G13Rik|D11Ertd333|D11Ertd333e"
"769","Pyroxd2",NA
"770","Spata18",NA
"771","Apex2",NA
"772","Trub2","G430055L02Rik"
"773","Eno1b",NA
"774","Rab35",NA
"775","G0s2",NA
"776","Ado",NA
"777","Pld6","4933433K01Rik|Gm10|Zuc|mZuc|mit|mitoPLD"
"778","Arl2","2610009M23Rik|AI115441|AW553335"
"779","Hnrnpk",NA
"780","Slc25a45","AW491445"
"781","Ndufb1",NA
"782","Atcay",NA
"783","Anxa6",NA
"784","Spata5",NA
"785","Abce1",NA
"786","Coa4","5330414O08Rik|AI115477|AW047259|Chchd8|E2ig2"
"787","Bnip3","N|Nip3"
"788","Uba1",NA
"789","Abcf2",NA
"790","Atic",NA
"791","Slc25a33","5730438N18Rik|Pn|Pnc1"
"792","Slc25a38","AV019094|BC010801|a|appoptosin"
"793","Slc25a2","Or|Ornt2"
"794","Hrk",NA
"795","Ambra1",NA
"796","Agpat4","1500003P24Rik"
"797","Nat8l","1110038O08Rik|Sh|Shati"
"798","Myh10",NA
"799","Immp1l","1500034J20Rik|2610528O17Rik|AU042386"
"800","Tmx2",NA
"801","Cisd2",NA
"802","Wdr81",NA
"803","Ide","1300012G03Rik|4833415K22Rik|AA675336|AI507533"
"804","Qtrt1","2610028E17Rik|Tgt"
"805","Clic1",NA
"806","Slc25a47","AI132487|AI876593|HDMCP"
"807","Nudt6","Asfgf2b"
"808","Gpd1",NA
"809","Dpysl4",NA
"810","Tango2",NA
"811","Bcat1",NA
"812","Papss2",NA
"813","Acsm2","AI315615|BC031140"
"814","Apex1","APE|Apex|HA|HAP1|Ref-|Ref-1"
"815","Slc25a44","6720482A19|B430110G05Rik"
"816","Ogg1","Mmh"
"817","Bnip3l","C86132|D14Ertd719|D14Ertd719e|N|Nip3L|Nix"
"818","Slc25a30","4933433D23Rik|AV025504|AV221431|AW319655|KMCP|KMCP1"
"819","Msto1",NA
"820","Cox19","1810074D02Rik|2810437L13Rik"
"821","Spata19","1700001L23Rik|AV047838|spergen-1"
"822","Rictor",NA
"823","Mutyh","5730495A01Rik|Mutyha|Mutyhalpha|Mutyhb|Mutyhbet|Mutyhbeta|Mutyhc|Myh"
"824","Pet100","2900053A13Rik"
"825","Ftmt","4930447C24Rik|FerH|Fth3|MtF"
"826","Acot7","2410041A17Rik|AU01471|Ach1|Act|Bac|Bach|CTE-IIa|Cte-II|Lach1"
"827","Emc8",NA
"828","Gramd4",NA
"829","Slc25a51","9130208E07Rik|D130005A03Rik|Gm138|Mcar|Mcart1"
"830","Ube2n",NA
"831","Ung","UNG1|UNG2"
"832","Pmaip1","N|Noxa"
"833","Bag2",NA
"834","Armcx1","3010033I09Rik|ALEX1"
"835","Parp1",NA
"836","Hspa1b",NA
"837","Serac1","4930511N22Rik|D17Ertd141|D17Ertd141e"
"838","Rnaseh1","-"
"839","Acsl3",NA
"840","Rab10",NA
"841","Ube3b",NA
"842","Fhit","AW045638|Fra1|Fra14A2"
"843","Pet117","Gm20571"
"844","Slc25a41","4933406J04Rik|AI507137"
"845","Smim20","1110067B18Rik|1810013D10Rik|MITRAC7|N28078"
"846","Sarm1",NA
"847","Stard13",NA
"848","Gk2",NA
"849","Neu4","9330166I04"
"850","Hebp1","Hebp|p22HBP"
"851","Rala",NA
"852","Gja1",NA
"853","Kif1b",NA
"854","Tusc2",NA
"855","Ddx3x",NA
"856","Slc25a27","3632410G24Rik|9430092A03Rik|D530043E16Rik|Ucp|Ucp4"
"857","Slc25a48","AU042651|E230025K15"
"858","Cuta",NA
"859","Atg4d",NA
"860","Asb9",NA
"861","Fads1",NA
"862","Rab7",NA
"863","Sh3bp5",NA
"864","Bad","AI325008|Bbc2"
"865","Prdx6","1-Cys Prx|1-cys|1-cysPrx|9430088D19Rik|AA690119|Aop2|Brp-|Brp-12|CP-|CP-3|GP|GPx|Ltw|Ltw-|Ltw-4|Ltw4|Lvtw|Lvtw-4|N|NSGPx|ORF06|Prdx5|a|aiPLA2"
"866","Snph",NA
"867","Pus10",NA
"868","Dnm1l","6330417M19Rik|AI450666|Dlp1|Dnm|Dnmlp1|Dr|Drp1|pyt|python"
"869","Vamp1",NA
"870","Gpat2","A530057A03Rik|Gm116|Gpa|xGPAT1"
"871","Oas1e",NA
"872","Armcx2","3230401N03Rik|AI043003|ALEX2"
"873","Top3a","-"
"874","Chchd5","1110027L01Rik|AW045710"
"875","Siah3",NA
"876","Mtcp1",NA
"877","Mapk12",NA
"878","Hkdc1",NA
"879","Ddit4",NA
"880","Lrrk2",NA
"881","Myo19","1110055A02Rik|Myohd|Myohd1"
"882","Xaf1",NA
"883","Pank2","4933409I19Rik|AI642621"
"884","Cep89","2610507L03Rik|Ccdc123"
"885","Dok4",NA
"886","Rab5c",NA
"887","Alkbh1","2700073G19Rik|Abh|Alk|Alkbh|al|alkB|hABH"
"888","Oxr1","2210416C20Rik|C7|C7B"
"889","Msrb3","D430026P16Rik|I-8-23|MsrB2"
"890","Tbc1d9",NA
"891","Bbc3","PU|PUMA|PUMA/JFY1"
"892","Bloc1s1","AI839753|BL|BLOS1|Gcn5|Gcn5l1"
"893","Fen1",NA
"894","Fbxl4","AI836810|FBL|FBL4|FBL5"
"895","Vps13d","-"
"896","Dhx32",NA
"897","Mpv17l","M-|M-LP"
"898","Fbxo7",NA
"899","Ciapin1",NA
"900","Caprin2",NA
"901","Dbi","ACBD1|Ac|Acbp|E|EP|endoz|endozepine"
"902","Tert",NA
"903","Snn",NA
"904","Gps2",NA
"905","Bcl2l11","1500006F24Rik|Bi|Bim|Bo|Bod|bcl2-L-11"
"906","Nsun3","6720484A09Rik|AU022521"
"907","Zdhhc8",NA
"908","Ndfip2",NA
"909","Cox7b2",NA
"910","Cabs1",NA
"911","Slc44a1",NA
"912","Cnp",NA
"913","Rad51",NA
"914","Nudt1",NA
"915","Atg2a",NA
"916","Hsd3b9",NA
"917","Tigar",NA
"918","Mpg",NA
"919","Irgm1",NA
"920","Akap10","1500031L16Rik|B130049N18Rik|D-AK|D-AKAP-2|D-AKAP2|PRKA10"
"921","Pnpla8","1200006O19Rik|AI467579|Ipla2(gamma)"
"922","Pon2",NA
"923","Larp4",NA
"924","Trak1",NA
"925","Acad11","5730439E10Rik|AI987948"
"926","Rad51c",NA
"927","Eif5a",NA
"928","Slc22a4",NA
"929","Tmx1",NA
"930","Plin5",NA
"931","Fancg",NA
"932","Ccar2",NA
"933","Cfl1",NA
"934","Cluh",NA
"935","Sybu",NA
"936","Disc1",NA
"937","Ranbp2",NA
"938","Gm45837",NA
"939","Marcks",NA
"940","Lig3","D11Wsu78|D11Wsu78e"
"941","Prickle3",NA
"942","Bcl2","AW986256|Bcl-|Bcl-2|C430015F12Rik|D630044D05Rik|D830018M01Rik"
"943","Vcp",NA
"944","Sacs",NA
"945","Mlxip",NA
"946","Asah2",NA
"947","Fyn",NA
"948","AA467197","NME|Nmes1|mir-147"
"949","Stx17","4833418L03Rik|6330411F21Rik|9030425C21Rik|AW048351"
"950","Traf6",NA
"951","Rab24","6530406O07Rik"
"952","Src",NA
"953","Trmt1","6720406L13Rik|6720477L24|D8Ertd812|D8Ertd812e"
"954","Prepl","2810457N15Rik|9530014L06Rik|D030028O16Rik|mKIAA0436"
"955","Pabpc5","C820015E17"
"956","Atg13",NA
"957","Slc9a6",NA
"958","Bid","2700049M22Rik|AI875481|AU022477"
"959","Nr3c1",NA
"960","Golph3","4733401N08Rik|5730410D03Rik|AW413496"
"961","Tomm34","2610100K07Rik|TOM3|TOM34"
"962","Cpt1c","6530437J22Rik|9630004I06Rik|CPT I-C|CPT IC|CPT1-B|CPTI-B"
"963","Cyp1b1",NA
"964","Recql4","RecQ4"
"965","Slc9b2",NA
"966","Ddah2",NA
"967","Trim31",NA
"968","Slc8b1","AF261233|NC|NCKX|NCKX6|NCLX|Slc2|Slc24a6"
"969","Mss51",NA
"970","Rps6kb1",NA
"971","Rab11fip5",NA
"972","Tyms",NA
"973","Secisbp2",NA
"974","Aifm3","2810401C16Rik|AI840249|Aifl"
"975","Xrcc3",NA
"976","Casp2",NA
"977","Pgrmc1",NA
"978","Dmpk","DM|DMK|Dm15|MDPK|MT-PK"
"979","Rnf5",NA
"980","Klk6",NA
"981","Jtb",NA
"982","Ppl",NA
"983","1600014C10Rik",NA
"984","Bcl2a1d","A1-|A1-d"
"985","Pin4",NA
"986","Styxl1","1700011C14Rik|Dusp|Dusp24|Mkstyx"
"987","Znfx1",NA
"988","Ogt",NA
"989","Cyp2e1",NA
"990","Spns1",NA
"991","Arl2bp",NA
"992","Ncstn",NA
"993","Wasf1",NA
"994","Sh3glb1",NA
"995","Pla2g4c",NA
"996","Pacs2",NA
"997","Tbc1d15",NA
"998","Rnasel",NA
"999","Smurf1",NA
"1000","Araf",NA
"1001","Pycard",NA
"1002","Traf3ip3",NA
"1003","Nos1",NA
"1004","Nlrp5",NA
"1005","Flvcr1",NA
"1006","Ppp2r2b",NA
"1007","Paics","2610511I09Rik|A|ADE2H|ADE2H1|AIRC|PAIS"
"1008","Hs1bp3",NA
"1009","Prkce",NA
"1010","Noct","AU043840|Ccr|Ccr4|Ccrn4l"
"1011","Dusp18",NA
"1012","Aifm2","5430437E11Rik|Am|Amid|D730001I10Rik|FSP1|PR|PRG3"
"1013","Capn10",NA
"1014","Tmem243",NA
"1015","Mmd",NA
"1016","Lrrc10",NA
"1017","Primpol","BC065112|Ccdc111"
"1018","Reep1",NA
"1019","Tmem14a",NA
"1020","Mycbp",NA
"1021","Olfm4",NA
"1022","Psen1",NA
"1023","Raf1",NA
"1024","Erbb4",NA
"1025","Atf2",NA
"1026","Ngrn","AW552001"
"1027","Nol3",NA
"1028","Slc25a53","2310046F18Rik|2810402A17Rik|AI448995|AI841128|Mcar|Mcart6"
"1029","Slc1a5",NA
"1030","Abcg3",NA
"1031","Kcnj1",NA
"1032","Stat3",NA
"1033","Clic4",NA
"1034","Vhl",NA
"1035","Plscr3","2210403O21Rik|2610037N06Rik|ESTM3|X83310"
"1036","Dusp21",NA
"1037","Esr2",NA
"1038","Sphkap","4930544G21Rik|A930009L15Rik|AI852220|S|SKIP|mKIAA1678"
"1039","Tdrd7",NA
"1040","Pigbos1","2310009A05Rik|5031420N21Rik"
"1041","Wdr82",NA
"1042","Ppp1r15a",NA
"1043","Efhd1","4931430I01Rik|AI452351|PP30|PP3051|mito|mitocalcin"
"1044","Ruvbl2",NA
"1045","Trim14",NA
"1046","Vps13c",NA
"1047","Sgk1",NA
"1048","Ubiad1",NA
"1049","Slc4a11",NA
"1050","Lrp2",NA
"1051","Slc8a3",NA
"1052","Bnip1",NA
"1053","Sesn2",NA
"1054","Mtus1",NA
"1055","Cry1","AU020726|AU021000|Ph|Phll1"
"1056","Ppan",NA
"1057","Napg",NA
"1058","Snca",NA
"1059","Slc11a2",NA
"1060","Bloc1s2",NA
"1061","Vrk2",NA
"1062","Slit3",NA
"1063","Gimap8",NA
"1064","Ercc8",NA
"1065","Stk11",NA
"1066","Txnip",NA
"1067","Cdk1",NA
"1068","BC048507",NA
"1069","Brinp3",NA
"1070","Adcy10","4930431D04Rik|4931412F17|Sa|Sacy|s|sAC"
"1071","Creb1",NA
"1072","Gper1",NA
"1073","Marveld1",NA
"1074","Prkaca","C|P|PKCD|Pk|Pkaca"
"1075","Nox4",NA
"1076","Ptpn11",NA
"1077","Bag5",NA
"1078","Acbd3",NA
"1079","Mlx",NA
"1080","Dgat2",NA
"1081","Tbl2",NA
"1082","Nf1",NA
"1083","Asic1",NA
"1084","Ripk3",NA
"1085","Acot11","1110020M10Rik|2010309H15Rik|AW060409|BFIT|BFIT1|The|Thea|Them1|mKIAA0707"
"1086","Snap23",NA
"1087","Pten",NA
"1088","Clu",NA
"1089","Capn1",NA
"1090","Mobp",NA
"1091","Atxn3",NA
"1092","Pop1",NA
"1093","Cyp1a1",NA
"1094","Fkbp5",NA
"1095","Akt1",NA
"1096","Muc1",NA
"1097","Foxm1",NA
"1098","Aph1a",NA
"1099","Wdr26",NA
"1100","Slc39a8",NA
"1101","Kcnj11",NA
"1102","Hap1",NA
"1103","Lpcat1",NA
"1104","Elk1",NA
"1105","Pif1","4631410M14|AI4494|AI449441"
"1106","Mark2",NA
"1107","Pex3",NA
"1108","Trp73",NA
"1109","Siah1b",NA
"1110","Nqo1",NA
"1111","Des",NA
"1112","Sri",NA
"1113","Tppp",NA
"1114","Trp53bp2",NA
"1115","Fate1",NA
"1116","Fhl4",NA
"1117","Fhl3",NA
"1118","Pnkp",NA
"1119","Nrp1",NA
"1120","Aptx",NA
"1121","Shc1",NA
"1122","Ccs",NA
"1123","Dnmt1",NA
"1124","Rheb",NA
"1125","Ulk1",NA
"1126","Ar",NA
"1127","P2ry12",NA
"1128","Foxo3",NA
"1129","Tfr2",NA
"1130","Kcnma1",NA
"1131","Slc44a2",NA
"1132","Pick1","Prk|Prkcabp"
"1133","Dnmt3a",NA
"1134","Mlh1",NA
"1135","Sphk2","C76851|Sk2|Spk2"
"1136","Mapt",NA
"1137","Tmem135",NA
"1138","E2f1",NA
"1139","Spire1","6030430B19Rik|AI415299|AU022898|AW550622|Sp|Spir-1"
"1140","Atp7b",NA
"1141","Otx2",NA
"1142","Bmf",NA
"1143","P2ry1",NA
"1144","Hmga1b",NA
"1145","Foxo1",NA
"1146","Nbr1","mKIAA0049"
"1147","Cast",NA
"1148","Clic5",NA
"1149","Ddit3",NA
"1150","Nr4a1",NA
"1151","Aqp8",NA
"1152","Polb","A430088C08Rik"
"1153","Tinf2",NA
"1154","Traf3",NA
"1155","Psap",NA
"1156","Atp5mg","4933437C06Rik|Atp5mg"
"1157","Atp5f1b","Atp5f1b"
"1158","Atp5f1d","0610008F14Rik|1500000I11Rik|AA960090|AI876556|AU020773|Atp5f1d|C85518"
"1159","Ldha","4933402O15Rik|AI326310|LD|LDHL|Ldhal"
"1160","Atp5pf","Atp5pf|CF6"
"1161","Atp5pd","0610009D10Rik|Atp5pd"
"1162","Atp5f1c","1700094F02Rik|Atp5f1c"
"1163","Atp5me","2610008D24Rik|Atp5i|Atp5me|Lfm|Lfm1"
"1165","Atp5f1e","2410043G19Rik|ATPE|AV000645|Atp5f1e"
"1166","Atp5f1a","AI035633|AL022851|AL023067|At|Atp5f1a|Atpm|D18Ertd206|D18Ertd206e|Mom|Mom2"
"1167","Atp5po","ATPO|Atp5po|D12Wsu28|D12Wsu28e|OSCP"
